The reason for which I couldn't attend the meeting was a family emergency.,La razón por la cual no pude asistir a la reunión fue una emergencia familiar.,09/25/2024 01:00:00,5,UNSEEN
"A few minutes ago, I received an important call.","Hace unos minutos, recibí una llamada importante.",09/25/2024 01:00:00,5,UNSEEN
A new problem has appeared in the project.,Ha aparecido un nuevo problema en el proyecto.,09/25/2024 01:00:00,5,UNSEEN
"After finishing the exams, I decided to unleash my creativity.","Después de terminar los exámenes, decidí dar rienda suelta a mi creatividad.",09/25/2024 01:00:00,5,UNSEEN
"After he goes to another office, we will meet.","Después de que vaya a otra oficina, nos reuniremos.",09/25/2024 01:00:00,5,UNSEEN
"After overcoming his fears, he no longer cared about what others might think.","Después de superar sus miedos, ya no le importaba qué pudieran pensar los demás.",09/25/2024 01:00:00,5,UNSEEN
"After playing, the son's mom will clean Max.","Después de jugar, la mamá del hijo limpiará a Max.",09/25/2024 01:00:00,5,UNSEEN
"After so many issues, I want to get rid of this already.","Después de tantos problemas, quiero quitarme ya esto de encima.",09/25/2024 01:00:00,5,UNSEEN
"After so much practice, I know it by heart now.","Después de tanto practicar, ahora lo sé de memoria.",09/25/2024 01:00:00,5,UNSEEN
"After the explanation, it's clear to me that we need to take action.","Después de la explicación, me queda claro que debemos actuar.",09/25/2024 01:00:00,5,UNSEEN
"After the sale, only a few units were left.","Después de la venta, solo quedaban algunas unidades.",09/25/2024 01:00:00,5,UNSEEN
"After trying it several times, he realized it was pointless to continue.","Luego de intentarlo varias veces, se dio cuenta de que no tenía caso continuar.",09/25/2024 01:00:00,5,UNSEEN
All the students sang in unison during the school event.,Todos los estudiantes cantaron al unísono durante el evento escolar.,09/25/2024 01:00:00,5,UNSEEN
"Already in the early morning, we decided to go home.","Ya de madrugada, decidimos irnos a casa.",09/25/2024 01:00:00,5,UNSEEN
"Although in the background, his contribution was crucial.","Aunque estaba en segundo plano, su contribución fue crucial.",09/25/2024 01:00:00,5,UNSEEN
"Although we were already tired, we decided to walk even more to reach our destination.","Aunque ya estábamos cansados, decidimos caminar todavía más para llegar al destino.",09/25/2024 01:00:00,5,UNSEEN
"Apparently, he won't make it to the meeting on time.","Al parecer, no llegará a tiempo para la reunión.",09/25/2024 01:00:00,5,UNSEEN
"Are you going to quit? No way, I'm not even considering it!","¿Vas a renunciar? ¡Qué va, ni siquiera lo estoy considerando!",09/25/2024 01:00:00,5,UNSEEN
"As an artist, it's important to make oneself known in different places.","Como artista, es importante darse a conocer en diferentes lugares.",09/25/2024 01:00:00,5,UNSEEN
"As far as I know, the project is going well.","Hasta donde sé, el proyecto va bien.",09/25/2024 01:00:00,5,UNSEEN
"As for the project, there are some concerns.","En cuanto al proyecto, hay algunas preocupaciones.",09/25/2024 01:00:00,5,UNSEEN
"As I was saying before, the situation is complicated.","Como te comentaba antes, la situación es complicada.",09/25/2024 01:00:00,5,UNSEEN
"As part of my routine, I wake up at six every morning.","Como parte de mi rutina, me levanto a las seis todas las mañanas.",09/25/2024 01:00:00,5,UNSEEN
"As the day progressed, the heat became more intense.","Conforme avanzaba el día, el calor se volvía más intenso.",09/25/2024 01:00:00,5,UNSEEN
"As the holidays approached, excitement grew in the air.","Conforme se acercaban las vacaciones, la emoción crecía en el aire.",09/25/2024 01:00:00,5,UNSEEN
"At first, he didn't take the challenge seriously.","Al principio, no se había tomado en serio el desafío.",09/25/2024 01:00:00,5,UNSEEN
"At the conference, they also talked about advances in medical research.","En la conferencia, se hablaba también de los avances en la investigación médica.",09/25/2024 01:00:00,5,UNSEEN
"At the party, there were no shortage of fun moments.","En la fiesta, no faltaron los momentos divertidos.",09/25/2024 01:00:00,5,UNSEEN
"Before answering, he thinks about it for a minute.","Antes de responder, él lo piensa durante un minuto.",09/25/2024 01:00:00,5,UNSEEN
"Before going out, make sure to apply sunscreen.","Antes de salir, asegúrate de aplicar bloqueador solar.",09/25/2024 01:00:00,5,UNSEEN
"Before going out, she applied red lipstick to stand out.","Antes de salir, se aplicó lápiz labial rojo para destacar.",09/25/2024 01:00:00,5,UNSEEN
"Before going shopping, make a list of what you really need.","Antes de ir de compras, haz una lista de lo que realmente necesitas.",09/25/2024 01:00:00,5,UNSEEN
"Before making a decision, take it into account.","Antes de tomar una decisión, tenlo en cuenta.",09/25/2024 01:00:00,5,UNSEEN
"Before serving the wine, he took a sip to make sure it was good.","Antes de servir el vino, probó un sorbo para asegurarse de que estuviera bueno.",09/25/2024 01:00:00,5,UNSEEN
"Before sleeping, I always like to floss.","Antes de dormir, siempre me gusta pasarme hilo dental.",09/25/2024 01:00:00,5,UNSEEN
"Before you leave, can I ask you a quick question?","Antes de que te vayas, ¿puedo hacerte una pregunta rápida?",09/25/2024 01:00:00,5,UNSEEN
"Being punctual is a sign of respect, which translates into a more positive work environment.","Ser puntual es una muestra de respeto, lo que se traduce en un ambiente laboral más positivo.",09/25/2024 01:00:00,5,UNSEEN
Bright colors were mixed with softer tones in the painting.,Los colores brillantes se mezclados con tonos más suaves en la pintura.,09/25/2024 01:00:00,5,UNSEEN
"But of course, there are always options available.","Pero claro, siempre hay opciones disponibles.",09/25/2024 01:00:00,5,UNSEEN
"By making an effort, he managed to reach the top of the mountain.","Al hacer esfuerzo, logró alcanzar la cima de la montaña.",09/25/2024 01:00:00,5,UNSEEN
Can you make it even easier?,¿Puedes hacerlo más fácil todavía?,09/25/2024 01:00:00,5,UNSEEN
Cook the stew over low heat for it to be delicious.,Cocina el guiso a fuego lento para que quede sabroso.,09/25/2024 01:00:00,5,UNSEEN
Daily routine is part of everyday life.,La rutina diaria forma parte de la vida cotidiana.,09/25/2024 01:00:00,5,UNSEEN
"Deep down, we all want to be happy.","En el fondo, todos queremos ser felices.",09/25/2024 01:00:00,5,UNSEEN
Dental floss is crucial for maintaining good oral health.,El hilo dental es crucial para mantener una buena salud bucal.,09/25/2024 01:00:00,5,UNSEEN
"Despite being polar opposites in personality, they work well together as a team.","Aunque sean polos opuestos en personalidad, trabajan bien juntos como equipo.",09/25/2024 01:00:00,5,UNSEEN
"Despite the challenges being significant, he didn't want to give up.","Aunque las dificultades eran grandes, no se quería dar por vencido.",09/25/2024 01:00:00,5,UNSEEN
"Despite the explanation, he will keep thinking about the problem.","A pesar de la explicación, seguirá pensando en el problema.",09/25/2024 01:00:00,5,UNSEEN
"Despite the noise, he didn't even move; he was sound asleep.","A pesar del ruido, él ni se movió; estaba profundamente dormido.",09/25/2024 01:00:00,5,UNSEEN
"Despite the sadness, she held back the tears.","A pesar de la tristeza, aguantó las lágrimas.",09/25/2024 01:00:00,5,UNSEEN
"Despite the warnings, he continued to ignore it.","A pesar de las advertencias, siguió haciendo caso omiso.",09/25/2024 01:00:00,5,UNSEEN
Did you realize you forgot your phone?,Te diste cuenta de que olvidaste tu teléfono.,09/25/2024 01:00:00,5,UNSEEN
Do me the favor of closing the door when you leave.,Hazme el favor de cerrar la puerta al salir.,09/25/2024 01:00:00,5,UNSEEN
Do you want me to give you a hand with the groceries?,¿Quieres que te dé una mano con las compras?,09/25/2024 01:00:00,5,UNSEEN
Don't lose sight of your goals.,No pierdas de vista tus metas.,09/25/2024 01:00:00,5,UNSEEN
"Don't play innocent, I know you know.","No te hagas el inocente, sé que lo sabes.",09/25/2024 01:00:00,5,UNSEEN
Don't worry about that issue. I've already taken care of it.,No te preocupes por ese asunto. Ya me encargué de ello.,09/25/2024 01:00:00,5,UNSEEN
"Don't worry, take it easy, everything will be fine.","No te preocupes, tómalo con calma, todo estará bien.",09/25/2024 01:00:00,5,UNSEEN
Don't worry; everything is already resolved.,"No te preocupes, ya está todo solucionado.",09/25/2024 01:00:00,5,UNSEEN
"During the interview, he asks her some questions about her experience.","Durante la entrevista, le hace algunas preguntas sobre su experiencia.",09/25/2024 01:00:00,5,UNSEEN
Enjoy every moment because time flies.,Disfruta cada momento porque el tiempo vuela.,09/25/2024 01:00:00,5,UNSEEN
"Even better, we could finish earlier than expected.","Mejor aún, podríamos terminar antes de lo previsto.",09/25/2024 01:00:00,5,UNSEEN
"Even if it's a small step, it's progress.","Aunque sea un pequeño paso, es progreso.",09/25/2024 01:00:00,5,UNSEEN
"Even if it's not perfect, it will be good enough.","Aunque no sea perfecto, será lo suficientemente bueno.",09/25/2024 01:00:00,5,UNSEEN
"Even if you ignore the rumors, they will keep talking.","Aunque ignores los rumores, seguirán hablando.",09/25/2024 01:00:00,5,UNSEEN
"Even though I was tired, I kept working.","Aún y cuando estaba cansado, continué trabajando.",09/25/2024 01:00:00,5,UNSEEN
Everyone has their own learning style.,Cada uno tiene su propio estilo de aprender.,09/25/2024 01:00:00,5,UNSEEN
Everyone is busy with their own things; it's challenging to coordinate all the schedules.,Cada uno está ocupado a lo suyo; es difícil coordinar todos los horarios.,09/25/2024 01:00:00,5,UNSEEN
"Everything happened in slow motion, as if time stood still.","Todo sucedió en cámara lenta, como si el tiempo se detuviera.",09/25/2024 01:00:00,5,UNSEEN
Explain to me what it means to be a good leader.,Explícame qué es ser un buen líder.,09/25/2024 01:00:00,5,UNSEEN
"Faced with disrespect, the teacher stopped them immediately.","Ante la falta de respeto, el profesor les puso un alto de inmediato.",09/25/2024 01:00:00,5,UNSEEN
"Faced with the difficult question, he shrugged without saying anything.","Ante la pregunta difícil, se encogió de hombros sin decir nada.",09/25/2024 01:00:00,5,UNSEEN
"Faced with the flight cancellation, there was no choice but to look for an alternative.","Ante la cancelación del vuelo, no tuvo remedio más que buscar una alternativa.",09/25/2024 01:00:00,5,UNSEEN
"Faced with the situation, he had no choice but to apologize.","Ante la situación, no tuvo más remedio que pedir disculpas.",09/25/2024 01:00:00,5,UNSEEN
Fashion trends come and go quickly; some clothes will go out of style soon.,Las tendencias de moda pasan rápidamente; algunas prendas pasarán de moda en poco tiempo.,09/25/2024 01:00:00,5,UNSEEN
Fermi's paradox raises fascinating questions about the existence of extraterrestrial life.,La paradoja de Fermi plantea preguntas fascinantes sobre la existencia de vida extraterrestre.,09/25/2024 01:00:00,5,UNSEEN
Finding that information on the Internet is like looking for a needle in a haystack.,Encontrar esa información en Internet es como buscar una aguja en un pajar.,09/25/2024 01:00:00,5,UNSEEN
Fingerprint technology has improved security.,La tecnología de huella digital ha mejorado la seguridad.,09/25/2024 01:00:00,5,UNSEEN
"For the most part, the event was a success thanks to everyone's collaboration.","En su mayor parte, el evento fue un éxito gracias a la colaboración de todos.",09/25/2024 01:00:00,5,UNSEEN
"Fortunately, the car is in good condition.","Afortunadamente, el coche está en buen estado.",09/25/2024 01:00:00,5,UNSEEN
"From here, I can see the horizon.",Desde aquí alcanzo a ver el horizonte.,09/25/2024 01:00:00,5,UNSEEN
"From that point on, everything changed in my life.","A partir de ahí, todo cambió en mi vida.",09/25/2024 01:00:00,5,UNSEEN
"From the square, you can see the bell tower.","Desde la plaza, se puede ver la torre del campanario.",09/25/2024 01:00:00,5,UNSEEN
"From today on, we will implement new policies.","A partir de hoy, implementaremos nuevas políticas.",09/25/2024 01:00:00,5,UNSEEN
He backed out at the last moment and decided not to participate in the competition.,Se echó para atrás en el último momento y decidió no participar en la competición.,09/25/2024 01:00:00,5,UNSEEN
He barely managed to finish the race due to a leg injury.,Logró completar la carrera a duras penas debido a una lesión en la pierna.,09/25/2024 01:00:00,5,UNSEEN
He completed the task without a doubt about his ability.,Realizó el trabajo sin darle lugar a dudas de su habilidad.,09/25/2024 01:00:00,5,UNSEEN
He could not have done that by himself; someone helped him.,No pudo haber hecho eso por sí mismo; alguien le ayudó.,09/25/2024 01:00:00,5,UNSEEN
"He couldn't resist the offer, and there were plenty of reasons to accept.","No pudo resistirse a la oferta, y razones sobraban para aceptar.",09/25/2024 01:00:00,5,UNSEEN
He did whatever he wanted without caring about the consequences.,Hizo lo que quiso sin importarle las consecuencias.,09/25/2024 01:00:00,5,UNSEEN
"He didn't like the decision, and he mumbled it under his breath.","No le gustó la decisión, y lo comentó entre dientes.",09/25/2024 01:00:00,5,UNSEEN
He doesn't have any free time on Mondays because of his job.,Él no tiene ningún tiempo libre los lunes debido a su trabajo.,09/25/2024 01:00:00,5,UNSEEN
He fixed his gaze on the horizon while reflecting on his decisions.,Clavó la mirada en el horizonte mientras reflexionaba sobre sus decisiones.,09/25/2024 01:00:00,5,UNSEEN
He had not noticed the presence of the visitor.,No se había percatado de la presencia del visitante.,09/25/2024 01:00:00,5,UNSEEN
He had to go to another office later for a meeting.,Tuvo que ir luego a otra oficina para una reunión.,09/25/2024 01:00:00,5,UNSEEN
He has always liked classical music.,Siempre le ha gustado la música clásica.,09/25/2024 01:00:00,5,UNSEEN
He has to look professional for the job interview.,Él tiene que verse profesional para la entrevista de trabajo.,09/25/2024 01:00:00,5,UNSEEN
"He made an effort; however, he did not achieve the desired result.","Hizo un esfuerzo, no obstante, no logró el resultado deseado.",09/25/2024 01:00:00,5,UNSEEN
He makes the same mistake over and over again.,Comete el mismo error una y otra vez.,09/25/2024 01:00:00,5,UNSEEN
"He pretended to be an expert on the subject, but he didn't know much.","Se hacía pasar por un experto en el tema, pero no sabía mucho.",09/25/2024 01:00:00,5,UNSEEN
He ran so fast that he barely managed to see the train.,Corrió tan rápido que apenas alcanzó a ver el tren.,09/25/2024 01:00:00,5,UNSEEN
"He took responsibility, and as such, he led the project.","Asumió la responsabilidad y como tal, lideró el proyecto.",09/25/2024 01:00:00,5,UNSEEN
He took the opposite direction and got lost.,Tomó el rumbo contrario y se perdió.,09/25/2024 01:00:00,5,UNSEEN
"He tried to convince him, and it was of no use.","Intentó convencerlo, y no sirvió de nada.",09/25/2024 01:00:00,5,UNSEEN
"He was about to achieve it, but something went wrong.","Estuvo a punto de lograrlo, pero algo salió mal.",09/25/2024 01:00:00,5,UNSEEN
He was forced to resign due to unexpected circumstances.,Se vio forzado a renunciar debido a las circunstancias inesperadas.,09/25/2024 01:00:00,5,UNSEEN
He's her best friend; she would never let him go in tough times.,Es su mejor amigo; jamás lo soltaría en momentos difíciles.,09/25/2024 01:00:00,5,UNSEEN
"He/she always does things his/her way, without asking anyone.","Siempre hace las cosas a su bola, sin preguntar a nadie.",09/25/2024 01:00:00,5,UNSEEN
"He/she says he/she agrees, but it's just lip service.","Dice que está de acuerdo, pero es solo de boquilla.",09/25/2024 01:00:00,5,UNSEEN
He/she will have to make a tough decision at work.,Tendrá que tomar una decisión difícil en el trabajo.,09/25/2024 01:00:00,5,UNSEEN
His answer has left me uneasy all night.,Su respuesta me ha dejado inquieto toda la noche.,09/25/2024 01:00:00,5,UNSEEN
His comment kept me awake all night.,Su comentario me ha quitado el sueño toda la noche.,09/25/2024 01:00:00,5,UNSEEN
His happiness was evident to everyone.,Su felicidad saltaba a la vista de todos.,09/25/2024 01:00:00,5,UNSEEN
His kindness made him feel welcome.,Su amabilidad le hizo sentir bienvenido.,09/25/2024 01:00:00,5,UNSEEN
His strange behavior gave a bad feeling to his friends.,Su comportamiento extraño dio mala espina a sus amigos.,09/25/2024 01:00:00,5,UNSEEN
His words hurt like a knife in the chest.,Sus palabras hirieron como un cuchillo en el pecho.,09/25/2024 01:00:00,5,UNSEEN
How did Rosa travel to arrive so quickly?,¿En qué viajó Rosa para llegar tan rápido?,09/25/2024 01:00:00,5,UNSEEN
How often do you exercise?,¿Con qué frecuencia haces ejercicio?,09/25/2024 01:00:00,5,UNSEEN
How the hell did we end up in this complicated situation?,¿Cómo coño llegamos a esta situación tan complicada?,09/25/2024 01:00:00,5,UNSEEN
I agree. I say the same thing.,Tu idea es genial. Lo mismo digo.,09/25/2024 01:00:00,5,UNSEEN
I can't believe he's pulling my leg with that unbelievable story.,No puedo creer que me esté tomando el pelo con esa historia increíble.,09/25/2024 01:00:00,5,UNSEEN
I can't find the water key to shut off the pipe.,No encuentro la llave del agua para apagar la tubería.,09/25/2024 01:00:00,5,UNSEEN
I couldn't help but feel sadness for his departure.,No podía dejar de sentir tristeza por su partida.,09/25/2024 01:00:00,5,UNSEEN
I didn't even try to solve the problem because it was too difficult.,Ni siquiera intenté resolver el problema porque era demasiado difícil.,09/25/2024 01:00:00,5,UNSEEN
I didn't know what could happen after making that decision.,No sabía qué pudiera pasar después de tomar esa decisión.,09/25/2024 01:00:00,5,UNSEEN
I didn't realize how important it was until I lost it.,Yo no me daba cuenta de lo importante que era hasta que lo perdí.,09/25/2024 01:00:00,5,UNSEEN
"I didn't say anything, but I told the others that I would be a little late.","No dije nada, pero di a los demás que llegaría un poco tarde.",09/25/2024 01:00:00,5,UNSEEN
I do it for the record that I don't agree.,Lo hago para que conste que no estoy de acuerdo.,09/25/2024 01:00:00,5,UNSEEN
I don't give a damn about that person's opinion.,La opinión de esa persona me importa un carajo.,09/25/2024 01:00:00,5,UNSEEN
"I don't have to explain my reasons to you, but I will anyway.","No tengo por qué explicarte mis razones, pero lo haré de todos modos.",09/25/2024 01:00:00,5,UNSEEN
I don't know what else Andrés will do on Friday.,No sé qué más hará Andrés el viernes.,09/25/2024 01:00:00,5,UNSEEN
"I don't know what he had in mind, but he seemed excited about the surprise.","No sé qué se traía entre manos, pero parecía emocionado por la sorpresa.",09/25/2024 01:00:00,5,UNSEEN
I don't know what Max is doing right now.,No sé qué estará haciendo Max en este momento.,09/25/2024 01:00:00,5,UNSEEN
I don't know why Felipe's sister will start studying.,No sé para qué comenzará a estudiar la hermana de Felipe.,09/25/2024 01:00:00,5,UNSEEN
"I don't remember what you were telling me about that book, can you recall it?","No recuerdo lo que me decías sobre ese libro, ¿puedes recordarlo?",09/25/2024 01:00:00,5,UNSEEN
"I don't think I can help you, much less solve the problem.","No creo que pueda ayudarte, mucho menos resolver el problema.",09/25/2024 01:00:00,5,UNSEEN
I don't think it will work for so long.,No creo que funcione por tanto tiempo.,09/25/2024 01:00:00,5,UNSEEN
I don't think that approach will work to solve the problem.,No creo que funcione ese enfoque para resolver el problema.,09/25/2024 01:00:00,5,UNSEEN
"I don't understand his actions, but I guess that would be his way of expressing himself.","No entiendo sus acciones, pero supongo que esa sería su manera de expresarse.",09/25/2024 01:00:00,5,UNSEEN
I don't understand how he knew that we were going to need help.,No entiendo cómo supo que íbamos a necesitar ayuda.,09/25/2024 01:00:00,5,UNSEEN
I don't understand how we ended up in this situation.,No entiendo cómo fue que llegamos a esta situación.,09/25/2024 01:00:00,5,UNSEEN
I found him in the supermarket while doing the shopping.,Lo encontraba en el supermercado mientras hacía las compras.,09/25/2024 01:00:00,5,UNSEEN
I found the book by pure chance while cleaning the attic.,Encontré el libro por mera casualidad mientras limpiaba el desván.,09/25/2024 01:00:00,5,UNSEEN
I found the information; there's no need for you to look for it.,"Ya encontré la información, no hace falta que la busques.",09/25/2024 01:00:00,5,UNSEEN
"I hadn't agreed before, but now I understand.","Antes no había estado de acuerdo, pero ahora entiendo.",09/25/2024 01:00:00,5,UNSEEN
I have always wanted to follow in his footsteps and be like him.,Siempre he querido seguir sus pasos y ser como él.,09/25/2024 01:00:00,5,UNSEEN
I have been living in this city for five years.,Llevo viviendo en esta ciudad desde hace cinco años.,09/25/2024 01:00:00,5,UNSEEN
"I help the community. In turn, the community supports me.","Ayudo a la comunidad. A su vez, la comunidad me apoya.",09/25/2024 01:00:00,5,UNSEEN
I hope all the preparations are done on time for the party.,Espero que todos los preparativos se hagan a tiempo para la fiesta.,09/25/2024 01:00:00,5,UNSEEN
I just finished reading that fascinating book you recommended.,Acabo de terminar de leer ese libro fascinante que me recomendaste.,09/25/2024 01:00:00,5,UNSEEN
I know a student who is taking an academic break.,Conozco a un estudiante que se está tomando un descanso académico.,09/25/2024 01:00:00,5,UNSEEN
"I lost my ring on the beach, if you happen to find it, please let me know.","Perdí mi anillo en la playa, si es que lo llegan a encontrar, por favor avísenme.",09/25/2024 01:00:00,5,UNSEEN
"I made a mistake, but what's done is done.","Cometí un error, pero lo hecho hecho está.",09/25/2024 01:00:00,5,UNSEEN
I made them with my own hands.,Los hice con mis propias manos.,09/25/2024 01:00:00,5,UNSEEN
"I must admit, I made a mistake in my report.","Debo reconocerlo, cometí un error en mi informe.",09/25/2024 01:00:00,5,UNSEEN
I myself didn't even know I had that talent.,Ni yo mismo sabía que tenía ese talento.,09/25/2024 01:00:00,5,UNSEEN
I need your help even more than I thought.,Necesito tu ayuda aún más de lo que pensaba.,09/25/2024 01:00:00,5,UNSEEN
"I never expected to say this, but I need help.","Nunca esperé decir esto, pero necesito ayuda.",09/25/2024 01:00:00,5,UNSEEN
I never had clarity on whether to accept the job or not.,Nunca tuve claro si debía aceptar el trabajo o no.,09/25/2024 01:00:00,5,UNSEEN
I plan to go see the new movie this weekend.,Yo pienso ir a ver la nueva película este fin de semana.,09/25/2024 01:00:00,5,UNSEEN
I prepared the food with care. How did it turn out for you?,Preparé la comida con cariño. ¿Cómo les quedó?,09/25/2024 01:00:00,5,UNSEEN
"I swear to him/her, I know nothing about that topic.","Se lo juro, no sé nada sobre ese tema.",09/25/2024 01:00:00,5,UNSEEN
I think it has something to do with the ongoing project.,Creo que tiene algo que ver con el proyecto en curso.,09/25/2024 01:00:00,5,UNSEEN
I think we are being followed; we need to be cautious.,"Creo que nos están siguiendo, debemos ser cautelosos.",09/25/2024 01:00:00,5,UNSEEN
"I told him/her to be careful, but he/she didn't listen.","Le dije que tuviera cuidado, pero no me hizo caso.",09/25/2024 01:00:00,5,UNSEEN
I usually work on weekdays.,Normalmente trabajo los días de semana.,09/25/2024 01:00:00,5,UNSEEN
I want to talk to you about the song you just heard.,Quiero comentarles sobre la canción que acaban de escuchar.,09/25/2024 01:00:00,5,UNSEEN
"I was going to keep the book, but I decided to lend it.","Me iba a quedar con el libro, pero decidí prestarlo.",09/25/2024 01:00:00,5,UNSEEN
I was so focused that I had lost track of time.,Estaba tan concentrado que había perdido noción del tiempo.,09/25/2024 01:00:00,5,UNSEEN
"I was supposed to arrive on time, but there was traffic.","Se suponía que yo llegaría a tiempo, pero hubo tráfico.",09/25/2024 01:00:00,5,UNSEEN
I wasn't present at the crime scene; I'm not guilty.,"No estuve presente en el lugar del crimen, no soy culpable.",09/25/2024 01:00:00,5,UNSEEN
I will call many clients while I am in a meeting.,Llamaré a muchos clientes mientras esté en una reunión.,09/25/2024 01:00:00,5,UNSEEN
I will do everything possible to fulfill my promise.,Haré todo lo posible a como diera lugar para cumplir con mi promesa.,09/25/2024 01:00:00,5,UNSEEN
I will participate in the event as part of the organization.,Participaré en el evento como parte de la organización.,09/25/2024 01:00:00,5,UNSEEN
I worked on that project for so long that I lost track.,Trabajé en ese proyecto por tanto tiempo que perdí la cuenta.,09/25/2024 01:00:00,5,UNSEEN
I would have had to study more to pass the exam.,Hubiera tenido que estudiar más para aprobar el examen.,09/25/2024 01:00:00,5,UNSEEN
"I would have never imagined it, but now everything makes sense.","Jamás me lo hubiera imaginado, pero ahora todo tiene sentido.",09/25/2024 01:00:00,5,UNSEEN
I would like to be the one who organizes the birthday party.,Me gustaría ser yo quien organice la fiesta de cumpleaños.,09/25/2024 01:00:00,5,UNSEEN
I wouldn't have succeeded without the support of my family.,No hubiera tenido éxito sin el apoyo de mi familia.,09/25/2024 01:00:00,5,UNSEEN
I'll be informed of any changes in the situation.,Estaré al tanto de cualquier cambio en la situación.,09/25/2024 01:00:00,5,UNSEEN
I'll give you my book in exchange for your computer for a day.,Te daré mi libro a cambio de tu computadora por un día.,09/25/2024 01:00:00,5,UNSEEN
"I'm going to attend the event, since they invited me.","Voy a participar en el evento, ya que me invitaron.",09/25/2024 01:00:00,5,UNSEEN
I'm going to make a call to confirm the reservation.,Voy a hacer una llamada para confirmar la reserva.,09/25/2024 01:00:00,5,UNSEEN
"I'm sorry, but the time to complete the task is over.","Lo siento, pero se acabó el tiempo para completar la tarea.",09/25/2024 01:00:00,5,UNSEEN
I've arranged to meet Maria at the café. I hope to see her tomorrow.,He quedado de encontrarme con María en el café. Espero verla mañana.,09/25/2024 01:00:00,5,UNSEEN
"I've prepared a new plan, what do you think?","He preparado un nuevo plan, ¿qué te parece?",09/25/2024 01:00:00,5,UNSEEN
"If anyone can solve it, he would be the most suitable.","Si alguien puede resolverlo, sería el más indicado.",09/25/2024 01:00:00,5,UNSEEN
If only he had listened to me.,Si tan sólo me hubiera hecho caso.,09/25/2024 01:00:00,5,UNSEEN
"If possible, I would like you to arrive on time for the meeting.","De ser posible, me gustaría que llegaras a tiempo para la reunión.",09/25/2024 01:00:00,5,UNSEEN
"If repairs aren't done, the structure will collapse.","Si no se realizan las reparaciones, la estructura se venga abajo.",09/25/2024 01:00:00,5,UNSEEN
"If we can't find the key, there must be another way to get in.","Si no encontramos la llave, debe entonces haber otra manera de entrar.",09/25/2024 01:00:00,5,UNSEEN
"If you are a victim of a crime, you should file a report.","Si eres víctima de un delito, debes poner una denuncia.",09/25/2024 01:00:00,5,UNSEEN
"If you don't mind, could you lend me your pen for a moment?","Si no le importa, ¿podría prestarme su pluma por un momento?",09/25/2024 01:00:00,5,UNSEEN
"If you organize your work efficiently, you will save time.","Si organizas tu trabajo de manera eficiente, adelantarás tiempo.",09/25/2024 01:00:00,5,UNSEEN
"If you want to learn, watch how the experts do it and do the same with attention.","Si quieres aprender, observa cómo lo hacen los expertos y haz lo mismo con atención.",09/25/2024 01:00:00,5,UNSEEN
"If you work hard, you'll never know how far you can go.","Si trabajas duro, nunca sabrás hasta dónde puedes llegar.",09/25/2024 01:00:00,5,UNSEEN
"In doing so, I learned the importance of perseverance.","Al hacerlo, aprendí la importancia de la perseverancia.",09/25/2024 01:00:00,5,UNSEEN
"In half an hour, we will start the meeting.",En media hora comenzaremos la reunión.,09/25/2024 01:00:00,5,UNSEEN
"In marketing, it's crucial to understand how to reach people effectively.","En marketing, es crucial entender cómo llegar a la gente de manera efectiva.",09/25/2024 01:00:00,5,UNSEEN
"In summer, I prefer to wear a sleeveless shirt.","En verano, prefiero usar una camiseta sin mangas.",09/25/2024 01:00:00,5,UNSEEN
"In the business world, they don't mess around; every decision is crucial.","En el mundo empresarial, no se andan con pendejadas; cada decisión es crucial.",09/25/2024 01:00:00,5,UNSEEN
"In the darkness, a figure could be distinguished.","En la penumbra, se alcanzaba a distinguir una figura.",09/25/2024 01:00:00,5,UNSEEN
"In the darkness, he fired a shot into the air.","En la oscuridad, soltó un disparo al aire.",09/25/2024 01:00:00,5,UNSEEN
"In the end, we all reached the same conclusion.","A fin de cuentas, todos llegamos a la misma conclusión.",09/25/2024 01:00:00,5,UNSEEN
"In the end, you will have to make a decision.","En último extremo, tendrá que tomar una decisión.",09/25/2024 01:00:00,5,UNSEEN
"In the meeting, he made it very clear that everyone should collaborate.","En la reunión, dejó muy claro que todos debían colaborar.",09/25/2024 01:00:00,5,UNSEEN
"In the meeting, they have tried to propose possible solutions to the problem.","En la reunión, se han tratado de dar posibles soluciones al problema.",09/25/2024 01:00:00,5,UNSEEN
"In the vote, the overwhelming majority decided to approve the proposal.","En la votación, la abrumadora mayoría decidió aprobar la propuesta.",09/25/2024 01:00:00,5,UNSEEN
It all started with a simple idea I had.,Todo empezó con una simple idea que tuve.,09/25/2024 01:00:00,5,UNSEEN
"It could have been an accident, but I'm not sure.","Pudo haber sido un accidente, pero no estoy seguro.",09/25/2024 01:00:00,5,UNSEEN
It is expected that all employees attend the meeting.,Se espera que todos los empleados asistan a la reunión.,09/25/2024 01:00:00,5,UNSEEN
It is important to spend time with loved ones and express our love to them.,Es importante pasar tiempo con los seres queridos y expresarles nuestro amor.,09/25/2024 01:00:00,5,UNSEEN
"It still has a long way to go before it's ready, but we're working on it.","Aún falta mucho para tenerlo listo, pero estamos trabajando en ello.",09/25/2024 01:00:00,5,UNSEEN
"It took him a few seconds to do it, but he finally managed to solve the riddle.","Le tomó unos segundos hacerlo, pero finalmente logró resolver el acertijo.",09/25/2024 01:00:00,5,UNSEEN
It would be better if you leave before the storm starts.,Será mejor que te vayas antes de que empiece la tormenta.,09/25/2024 01:00:00,5,UNSEEN
It's a common and ordinary day at the office.,Es un día común y corriente en la oficina.,09/25/2024 01:00:00,5,UNSEEN
It's about finding creative solutions to the challenges we face.,Se trata de encontrar soluciones creativas a los desafíos que enfrentamos.,09/25/2024 01:00:00,5,UNSEEN
It's always a pleasure to see her in our meetings.,Siempre es un placer verla en nuestras reuniones.,09/25/2024 01:00:00,5,UNSEEN
It's been a while since we last saw each other. How have you been?,Hace rato que no nos vemos. ¿Cómo has estado?,09/25/2024 01:00:00,5,UNSEEN
It's hard to make sense of his actions; sometimes they seem incomprehensible.,"Es difícil darle sentido a sus acciones, a veces parecen incomprensibles.",09/25/2024 01:00:00,5,UNSEEN
It's important to pay attention to the details.,Es importante prestar atención a los detalles.,09/25/2024 01:00:00,5,UNSEEN
It's necessary to take everyone's opinions into account before making a decision.,Hay que tener en cuenta las opiniones de todos antes de tomar una decisión.,09/25/2024 01:00:00,5,UNSEEN
It's not true that I don't care; I'm just focused on the work.,No es cierto que no me importe; simplemente estoy concentrado en el trabajo.,09/25/2024 01:00:00,5,UNSEEN
It's time to make important decisions.,Es momento de tomar decisiones importantes.,09/25/2024 01:00:00,5,UNSEEN
Juan is quite a character; he always has amusing anecdotes to share.,"Juan es todo un personaje, siempre tiene anécdotas divertidas que contar.",09/25/2024 01:00:00,5,UNSEEN
"Knowing his sense of humor, the joke didn't surprise him.","Conociendo su sentido del humor, no le extrañó la broma.",09/25/2024 01:00:00,5,UNSEEN
"Last night, it was hard for me to fall asleep.",Anoche me costó conciliar el sueño.,09/25/2024 01:00:00,5,UNSEEN
Learn step by step how to use this tool.,Aprende paso a paso cómo utilizar esta herramienta.,09/25/2024 01:00:00,5,UNSEEN
Learning to code will be useful to you in many aspects of life.,Aprender a programar te va a ser de utilidad en muchos aspectos de la vida.,09/25/2024 01:00:00,5,UNSEEN
Let there be no doubt that we are committed to this project.,Que no les quepa la menor duda de que estamos comprometidos con este proyecto.,09/25/2024 01:00:00,5,UNSEEN
Let's go through the tasks one by one to make sure we don't forget anything.,Revisemos las tareas una por una para asegurarnos de no olvidar nada.,09/25/2024 01:00:00,5,UNSEEN
Let's make a proposal to improve the situation. Let's talk to our boss.,Hagámosle una propuesta para mejorar la situación. Hablémosle a nuestro jefe.,09/25/2024 01:00:00,5,UNSEEN
Look now at what you have achieved with your effort!,¡Vea ahora lo que has logrado con tu esfuerzo!,09/25/2024 01:00:00,5,UNSEEN
Make it very clear that I won't tolerate disrespect.,Que te quede bien claro que no toleraré la falta de respeto.,09/25/2024 01:00:00,5,UNSEEN
Make sure to always have a hand towel in the bathroom.,Asegúrate de tener siempre una toalla de aseo en el baño.,09/25/2024 01:00:00,5,UNSEEN
Maybe you were bothered that I didn't arrive on time.,Igual te molestó que no llegara a tiempo.,09/25/2024 01:00:00,5,UNSEEN
Mental note: buy milk on the way home.,Nota mental: comprar leche en el camino a casa.,09/25/2024 01:00:00,5,UNSEEN
"Most of the time, I work from home.","La mayor parte del tiempo, trabajo desde casa.",09/25/2024 01:00:00,5,UNSEEN
"Most of the time, the solution is simpler than it seems.","La mayoría de veces, la solución es más simple de lo que parece.",09/25/2024 01:00:00,5,UNSEEN
My brother will start training to become a doctor this year.,Mi hermano comenzará a entrenar para ser un médico este año.,09/25/2024 01:00:00,5,UNSEEN
My brother works as a real estate developer.,Mi hermano trabaja como desarrollador inmobiliario.,09/25/2024 01:00:00,5,UNSEEN
My children have always liked the beach.,A mis hijos siempre les ha gustado la playa.,09/25/2024 01:00:00,5,UNSEEN
My dog ate the cookie in one bite.,Mi perro se comió la galleta de un mordisco.,09/25/2024 01:00:00,5,UNSEEN
My friend works as a flight attendant and travels all around the world.,Mi amiga trabaja como auxiliar de vuelo y viaja por todo el mundo.,09/25/2024 01:00:00,5,UNSEEN
"My neighbor makes noise all the time, and it's annoying.","Mi vecino hace ruido cada dos por tres, y es molesto.",09/25/2024 01:00:00,5,UNSEEN
My son had never had a dog as a pet before.,Mi hijo nunca antes había tenido un perro como mascota.,09/25/2024 01:00:00,5,UNSEEN
"Not receiving any news, he feared the worst.","Al no recibir noticias, temió lo peor.",09/25/2024 01:00:00,5,UNSEEN
"Often, not everyone's opinions are taken into account.","A menudo, no se tienen en cuenta las opiniones de todos.",09/25/2024 01:00:00,5,UNSEEN
"On average, the temperatures in this region are very pleasant.","Por término medio, las temperaturas en esta región son muy agradables.",09/25/2024 01:00:00,5,UNSEEN
"Once the water boils, add the pasta.","Una vez que hierva el agua, agregue la pasta.",09/25/2024 01:00:00,5,UNSEEN
Open the passenger's door so they can get in.,Abre la puerta del pasajero para que entre.,09/25/2024 01:00:00,5,UNSEEN
"Over time, the idea began to take on a life of its own and turned into a successful project.","Con el tiempo, la idea empezó a tomar vida propia y se convirtió en un proyecto exitoso.",09/25/2024 01:00:00,5,UNSEEN
Perseverance leads us to achieve our long-term goals.,La perseverancia nos lleva a alcanzar nuestras metas a largo plazo.,09/25/2024 01:00:00,5,UNSEEN
"Quick, get out of there before it's too late!","¡Rápido, sal de ahí antes de que sea tarde!",09/25/2024 01:00:00,5,UNSEEN
"Regarding your inability to attend, we will find a solution.","En cuanto a que no puedes asistir, buscaremos una solución.",09/25/2024 01:00:00,5,UNSEEN
Seriously? What the hell is going on here?,¿En serio? ¿Qué demonios pasa aquí?,09/25/2024 01:00:00,5,UNSEEN
She always thinks about buying designer clothes.,Ella siempre piensa en comprar ropa de marca.,09/25/2024 01:00:00,5,UNSEEN
She could have told him directly instead of sending a message.,Ella pudo habérselo dicho directamente en lugar de enviar un mensaje.,09/25/2024 01:00:00,5,UNSEEN
She is going on a trip to Europe next week.,Ella se va de viaje a Europa la próxima semana.,09/25/2024 01:00:00,5,UNSEEN
She must have had some connection to the incident.,Ella habrá tenido alguna relación con el incidente.,09/25/2024 01:00:00,5,UNSEEN
She was the one who organized the surprise.,Fue ella la que organizó la sorpresa.,09/25/2024 01:00:00,5,UNSEEN
"So, we conclude the meeting.","Así pues, concluimos la reunión.",09/25/2024 01:00:00,5,UNSEEN
Some people say that coffee enhances concentration.,Hay quienes dicen que el café mejora la concentración.,09/25/2024 01:00:00,5,UNSEEN
Sometimes I feel like there's too much on my mind.,A veces siento que es demasiado lo que traigo en la cabeza.,09/25/2024 01:00:00,5,UNSEEN
Sometimes it's challenging to reach an agreement when people are coming from opposite sides.,"A veces, es difícil llegar a un acuerdo cuando las personas están desde lados opuestos.",09/25/2024 01:00:00,5,UNSEEN
Sometimes it's essential to look back and learn from our experiences.,A veces es importante mirar hacia atrás y aprender de nuestras experiencias.,09/25/2024 01:00:00,5,UNSEEN
"Sometimes, reality is tough, and no matter how much we like to believe otherwise.","A veces, la realidad es dura, y no importa cuánto nos guste creer lo contrario.",09/25/2024 01:00:00,5,UNSEEN
Spread the word about the new restaurant in town.,Corre la voz sobre el nuevo restaurante en la ciudad.,09/25/2024 01:00:00,5,UNSEEN
"Starting tomorrow, I will begin following a new exercise routine.","A partir de mañana, comenzaré a seguir una nueva rutina de ejercicios.",09/25/2024 01:00:00,5,UNSEEN
Stop beating around the bush and get to the point with your explanation.,Deja de marear la perdiz y ve al grano con tu explicación.,09/25/2024 01:00:00,5,UNSEEN
Success doesn't happen overnight; it's a series of events.,El éxito no ocurre de la noche a la mañana; es una serie de acontecimientos.,09/25/2024 01:00:00,5,UNSEEN
Talking about your problems can help you to relieve a burden.,Hablar sobre tus problemas puede ayudarte a quitarte un peso de encima.,09/25/2024 01:00:00,5,UNSEEN
Tell him I send him a warm greeting from me.,Dile que le envío un saludo cordial de mi parte.,09/25/2024 01:00:00,5,UNSEEN
Thanks for lending me money; you helped me out of a tight spot.,"Gracias por prestarme dinero, me ayudaste a sacarme del apuro.",09/25/2024 01:00:00,5,UNSEEN
That is why we must take action now.,Es por ese motivo que debemos tomar medidas ahora.,09/25/2024 01:00:00,5,UNSEEN
That was supposed to be the perfect solution.,Se suponía que esa sería la solución perfecta.,09/25/2024 01:00:00,5,UNSEEN
That's in the past; now we look to the future.,"Eso ya quedó atrás, ahora miramos hacia el futuro.",09/25/2024 01:00:00,5,UNSEEN
The artist left brushstrokes all over the painting.,El artista dejó trazos de brocha en toda la pintura.,09/25/2024 01:00:00,5,UNSEEN
The atmosphere had become tense after the argument.,El ambiente se había vuelto tenso después de la discusión.,09/25/2024 01:00:00,5,UNSEEN
The beauty of the landscape could be appreciated from the top.,La belleza del paisaje podía apreciarse desde la cima.,09/25/2024 01:00:00,5,UNSEEN
The bird caught its prey in mid-flight.,El pájaro atrapó la presa en pleno vuelo.,09/25/2024 01:00:00,5,UNSEEN
The brake brought the vehicle to a sudden stop.,El freno detuvo en seco el vehículo.,09/25/2024 01:00:00,5,UNSEEN
The car was moving at full speed on the highway.,El automóvil se movía a toda velocidad por la autopista.,09/25/2024 01:00:00,5,UNSEEN
The celebration wasn't what it should have been due to the unexpected rain.,La celebración no fue lo que debió ser debido a la lluvia inesperada.,09/25/2024 01:00:00,5,UNSEEN
"The city, already known as the ""Pearl of the Caribbean,"" attracts many tourists.","La ciudad, conocida ya como la ""Perla del Caribe,"" atrae a muchos turistas.",09/25/2024 01:00:00,5,UNSEEN
The driver braked in time and almost hit them.,El conductor frenó a tiempo y por poco los atropella.,09/25/2024 01:00:00,5,UNSEEN
The entire report is summarized in these three conclusions.,Todo el informe se resume en estas tres conclusiones.,09/25/2024 01:00:00,5,UNSEEN
The evidence was related to the case.,La evidencia guardaba relación con el caso.,09/25/2024 01:00:00,5,UNSEEN
The experience of having lived enriches the soul.,El haber vivido diversas experiencias enriquece el alma.,09/25/2024 01:00:00,5,UNSEEN
The food was less spicy than his friends'.,La comida estaba menos picante que la de sus amigos.,09/25/2024 01:00:00,5,UNSEEN
The intention was not for you to feel offended.,La intención no era que te sintieras ofendido.,09/25/2024 01:00:00,5,UNSEEN
The jewel belonged to her grandmother.,La joya le pertenecía a su abuela.,09/25/2024 01:00:00,5,UNSEEN
The melody made him remember happy moments.,La melodía le hizo recordar momentos felices.,09/25/2024 01:00:00,5,UNSEEN
"The more options we have, the better the decision will be.","Cuantas más opciones tengamos, mejor será la decisión.",09/25/2024 01:00:00,5,UNSEEN
"The movie was very exciting, I would say.","La película fue muy emocionante, diría yo.",09/25/2024 01:00:00,5,UNSEEN
The news made waves around the world within hours.,La noticia tomaba revuelo por el mundo en cuestión de horas.,09/25/2024 01:00:00,5,UNSEEN
The news spread far and wide across the country in a matter of minutes.,La noticia se difundió a lo largo y ancho del país en cuestión de minutos.,09/25/2024 01:00:00,5,UNSEEN
The old building had been forgotten until it was restored.,El antiguo edificio había quedado en el olvido hasta que fue restaurado.,09/25/2024 01:00:00,5,UNSEEN
"The plane flew above the trees, offering a breathtaking view.","El avión volaba por encima de los árboles, ofreciendo una vista impresionante.",09/25/2024 01:00:00,5,UNSEEN
The plane ran out of fuel in mid-flight.,El avión se quedase sin combustible en pleno vuelo.,09/25/2024 01:00:00,5,UNSEEN
"The presentation was exciting, and not only that, but we also received praise from the audience.","La presentación fue emocionante, y no sólo eso, también recibimos elogios del público.",09/25/2024 01:00:00,5,UNSEEN
The red flowers by the water are very striking in the garden.,Los rojos de dos aguas son muy llamativos en el jardín.,09/25/2024 01:00:00,5,UNSEEN
"The report should be ready by tomorrow, if I'm not mistaken.","El informe debe estar listo para mañana, si no me equivoco.",09/25/2024 01:00:00,5,UNSEEN
The results will be better if you are focused on what you are doing.,Los resultados serán mejores si estás centrado en lo que haces.,09/25/2024 01:00:00,5,UNSEEN
The scream was barely audible amid the noise.,El grito apenas alcanzó a oírse en medio del ruido.,09/25/2024 01:00:00,5,UNSEEN
The situation suddenly became complicated.,La situación se tornó complicada de repente.,09/25/2024 01:00:00,5,UNSEEN
The situation worsens day by day.,La situación empeora día con día.,09/25/2024 01:00:00,5,UNSEEN
The store is just around the corner.,La tienda está a la vuelta de la esquina.,09/25/2024 01:00:00,5,UNSEEN
The technology that continues today is amazing.,La tecnología que sigue hoy en día es asombrosa.,09/25/2024 01:00:00,5,UNSEEN
There is going to be an important meeting tomorrow.,Va a haber una reunión importante mañana.,09/25/2024 01:00:00,5,UNSEEN
There is no need to worry too much about things that cannot be changed.,No hay que preocuparse demasiado por cosas que no se pueden cambiar.,09/25/2024 01:00:00,5,UNSEEN
There is no reason to worry; everything will be fine.,"No habría por qué preocuparse, todo saldrá bien.",09/25/2024 01:00:00,5,UNSEEN
There wasn't enough time to complete all the tasks before the meeting.,No hubo tiempo para completar todas las tareas antes de la reunión.,09/25/2024 01:00:00,5,UNSEEN
There we go again with that never-ending argument!,¡Ahí vamos otra vez con esa discusión interminable!,09/25/2024 01:00:00,5,UNSEEN
These measures will benefit the company in the short term.,Estas medidas beneficiarán a la empresa a corto plazo.,09/25/2024 01:00:00,5,UNSEEN
"They arrived at the place, but someone had beaten them to it.","Llegaron al lugar, pero alguien se les había adelantado.",09/25/2024 01:00:00,5,UNSEEN
"They finished the presentation, and after that, a debate started.",Terminaron la presentación y tras ello se abrió un debate.,09/25/2024 01:00:00,5,UNSEEN
They like the idea of spending vacations at the beach.,Les agrada la idea de pasar las vacaciones en la playa.,09/25/2024 01:00:00,5,UNSEEN
They met face to face to resolve the conflict.,Se encontraron frente a frente para resolver el conflicto.,09/25/2024 01:00:00,5,UNSEEN
They not only study science but also enjoy literature.,"No solo estudian ciencias, sino que también les gusta la literatura.",09/25/2024 01:00:00,5,UNSEEN
They put an end to the conflict after long negotiations.,Pusieron fin al conflicto después de largas negociaciones.,09/25/2024 01:00:00,5,UNSEEN
They say that house is haunted.,Cuentan que esa casa está embrujada.,09/25/2024 01:00:00,5,UNSEEN
"They spoke ill of her behind her back, but she never knew.","Hablaban mal de ella a sus espaldas, pero ella nunca lo sabía.",09/25/2024 01:00:00,5,UNSEEN
"They walked through the forest aimlessly, enjoying nature.","Caminaban por el bosque sin rumbo, disfrutando de la naturaleza.",09/25/2024 01:00:00,5,UNSEEN
They weren't joking; they are serious about moving to another country.,"No estaban bromeando, hablan en serio sobre mudarse a otro país.",09/25/2024 01:00:00,5,UNSEEN
This could well end up being a once-in-a-lifetime opportunity.,Esto bien pudiera terminar siendo una oportunidad única en la vida.,09/25/2024 01:00:00,5,UNSEEN
This is undoubtedly the best book I've read this year.,"Este es, sin duda alguna, el mejor libro que he leído este año.",09/25/2024 01:00:00,5,UNSEEN
"This knife is for the same purpose as the other one, but it's sharper.","Este cuchillo sirve para lo mismo que el otro, pero es más afilado.",09/25/2024 01:00:00,5,UNSEEN
"Throughout history, humanity has faced numerous challenges.","A lo largo de la historia, la humanidad ha enfrentado numerosos desafíos.",09/25/2024 01:00:00,5,UNSEEN
Throw it to me; I'll catch it!,"¡Aviéntala hacia mí, la atraparé!",09/25/2024 01:00:00,5,UNSEEN
"To confirm, let's do a quick test.","Para confirmar, hagamos una prueba rápida.",09/25/2024 01:00:00,5,UNSEEN
"To do the job correctly, use the appropriate tools.","Para realizar el trabajo correctamente, utiliza las herramientas adecuadas.",09/25/2024 01:00:00,5,UNSEEN
"To succeed, one has to work hard.","Para tener éxito, se tiene que trabajar duro.",09/25/2024 01:00:00,5,UNSEEN
"To understand a topic, it is necessary to study it thoroughly.","Para comprender un tema, es necesario estudiarlo a fondo.",09/25/2024 01:00:00,5,UNSEEN
"Upon noticing the mistake, they didn't take long to warn and correct it.","Al ver el error, no tardaron en advertirlo y corregirlo.",09/25/2024 01:00:00,5,UNSEEN
"Upon realizing the situation, they decided to take action.","Al percatarse de la situación, decidieron tomar medidas.",09/25/2024 01:00:00,5,UNSEEN
"Upon reflection, I think it was the best decision.","Pensándolo bien, creo que fue la mejor decisión.",09/25/2024 01:00:00,5,UNSEEN
"Upon seeing me, he turned around and left without saying a word.","Al verme, se dio la media vuelta y se fue sin decir una palabra.",09/25/2024 01:00:00,5,UNSEEN
We all must take care of the environment to preserve our planet.,Todos debemos cuidar el medio ambiente para preservar nuestro planeta.,09/25/2024 01:00:00,5,UNSEEN
We announced the study results at the press conference.,Dimos a conocer los resultados del estudio en la conferencia de prensa.,09/25/2024 01:00:00,5,UNSEEN
We are going to carry out the project this month.,Vamos a llevar a cabo el proyecto este mes.,09/25/2024 01:00:00,5,UNSEEN
We better study for the exam.,Más nos vale que estudies para el examen.,09/25/2024 01:00:00,5,UNSEEN
We can't go out since it's raining heavily.,No podemos salir dado que está lloviendo fuertemente.,09/25/2024 01:00:00,5,UNSEEN
We can't wait; someone else might arrive before us.,"No podemos esperar, alguien más puede llegar antes que nosotros.",09/25/2024 01:00:00,5,UNSEEN
We cannot stop the course of history.,No podemos detener el rumbo de la historia.,09/25/2024 01:00:00,5,UNSEEN
"We don't agree on this point, but for now, let's leave it at that.","No estamos de acuerdo en este punto, pero por ahora, dejémoslo así.",09/25/2024 01:00:00,5,UNSEEN
We encountered unforeseen problems during the plan implementation.,Nos enfrentamos a problemas no previstos durante la implementación del plan.,09/25/2024 01:00:00,5,UNSEEN
We explored the mountain on horseback.,Exploramos la montaña a lomos de un caballo.,09/25/2024 01:00:00,5,UNSEEN
We have already seen some of the recommended movies.,Ya hemos visto alguna de las películas recomendadas.,09/25/2024 01:00:00,5,UNSEEN
We have always wanted to meet your parents.,Siempre hemos querido conocer a tus padres.,09/25/2024 01:00:00,5,UNSEEN
We haven't figured out how those documents ended up on your desk.,Aún no hemos averiguado cómo llegaron esos documentos a tu escritorio.,09/25/2024 01:00:00,5,UNSEEN
We need to work together now more than ever.,Necesitamos trabajar juntos ahora más que nunca.,09/25/2024 01:00:00,5,UNSEEN
We often visit the movie theaters on weekends.,A menudo visitamos las salas de cine los fines de semana.,09/25/2024 01:00:00,5,UNSEEN
"We remember our dear friend, may he rest in peace.",Recordamos a nuestro querido amigo que en paz descanse.,09/25/2024 01:00:00,5,UNSEEN
We should address this problem in a better way.,Debemos abordar este problema de una mejor manera.,09/25/2024 01:00:00,5,UNSEEN
We should make the most of them while we have the chance.,Debemos aprovecharlos al máximo mientras tengamos la oportunidad.,09/25/2024 01:00:00,5,UNSEEN
"We started the project, and it didn't take long to see positive results.",Empezamos el proyecto y no tardaron mucho en ver resultados positivos.,09/25/2024 01:00:00,5,UNSEEN
We want to go even further in our goals.,Queremos llegar aún más lejos en nuestras metas.,09/25/2024 01:00:00,5,UNSEEN
We will discuss this later in the meeting.,Discutiremos esto más adelante en la reunión.,09/25/2024 01:00:00,5,UNSEEN
We work alongside our colleagues to achieve the goal.,Trabajamos a la par de nuestros colegas para lograr el objetivo.,09/25/2024 01:00:00,5,UNSEEN
We work with large databases for analysis.,Trabajamos con grandes bases de datos para análisis.,09/25/2024 01:00:00,5,UNSEEN
"We worked hard, and there you go, we achieved our goals.","Trabajamos duro y, ¡ya ves!, alcanzamos nuestras metas.",09/25/2024 01:00:00,5,UNSEEN
We'll have to take measures to prevent future problems.,Habrá que tomar medidas para evitar futuros problemas.,09/25/2024 01:00:00,5,UNSEEN
We'll start investigating now. Here is where things get interesting.,Empezaremos a investigar ahora. Aquí es donde las cosas se ponen interesantes.,09/25/2024 01:00:00,5,UNSEEN
We're almost done with the project; just a few details left.,"Ya casi hemos terminado el proyecto, solo faltan algunos detalles.",09/25/2024 01:00:00,5,UNSEEN
We're making good progress; we're on the path to success.,"Estamos avanzando bien, vamos en camino hacia el éxito.",09/25/2024 01:00:00,5,UNSEEN
What are you up to that you're not responding to my messages?,¿En qué andas metido que no respondes mis mensajes?,09/25/2024 01:00:00,5,UNSEEN
What does this have to do with the project we're working on?,¿Qué tiene que ver esto con el proyecto en el que estamos trabajando?,09/25/2024 01:00:00,5,UNSEEN
What he said doesn't make sense to me; I don't understand his logic.,"Lo que dijo no me hace sentido, no entiendo su lógica.",09/25/2024 01:00:00,5,UNSEEN
What is it that the son has not had in his life?,¿Qué es lo que el hijo no ha tenido en su vida?,09/25/2024 01:00:00,5,UNSEEN
What is this furniture made of? It's very durable.,"De qué está hecho el material de este mueble, es muy resistente.",09/25/2024 01:00:00,5,UNSEEN
What started as a simple project turned into an international success.,Lo que se inició como un simple proyecto se convirtió en un éxito internacional.,09/25/2024 01:00:00,5,UNSEEN
What the hell is this that I found on my desk?,¿Qué mierda es esta que encontré en mi escritorio?,09/25/2024 01:00:00,5,UNSEEN
What you thought could be the opposite of what it really is.,Lo que pensabas pudiera ser al revés de lo que realmente es.,09/25/2024 01:00:00,5,UNSEEN
"When he was a child, what did Max like to do?","Cuando era niño, ¿qué le gustaba hacer a Max?",09/25/2024 01:00:00,5,UNSEEN
"When I go shopping, I always think about buying something new.","Cuando voy de compras, siempre pienso en comprar algo nuevo.",09/25/2024 01:00:00,5,UNSEEN
"When I told him the joke, he burst into laughter.","Al contarle el chiste, soltó una carcajada.",09/25/2024 01:00:00,5,UNSEEN
"When inquiring about the job offer, it was clear that I was interested in the position.","Al preguntar sobre la oferta, fue claro que me interesaba el puesto.",09/25/2024 01:00:00,5,UNSEEN
"When they gave him the news, he jumped for joy.","Cuando le dieron la noticia, saltó de gusto.",09/25/2024 01:00:00,5,UNSEEN
"While driving, they stopped at the red traffic light.","Mientras conducían, hicieron alto en el semáforo en rojo.",09/25/2024 01:00:00,5,UNSEEN
"While you were talking, you didn't even realize that everyone was looking at you in amazement.","Mientras hablaba, tú ni cuenta te diste de que todos te miraban con asombro.",09/25/2024 01:00:00,5,UNSEEN
Why the hell didn't you tell me earlier?,¿Por qué chingados no me dijiste antes?,09/25/2024 01:00:00,5,UNSEEN
"With his skill, he was sure to win the cooking contest.","Con su habilidad, seguro iba a ganar el concurso de cocina.",09/25/2024 01:00:00,5,UNSEEN
"With the lights off, the show is over.","Con las luces apagadas, se acabó el espectáculo.",09/25/2024 01:00:00,5,UNSEEN
"With the necessary time, everything will be resolved.","Con el debido tiempo, todo se resolverá.",09/25/2024 01:00:00,5,UNSEEN
"With the new technology, there will be no place for old methods.","Con la nueva tecnología, ya no habrá lugar para los viejos métodos.",09/25/2024 01:00:00,5,UNSEEN
"With today's technology, they can even do it.","Con la tecnología actual, hoy hasta pueden hacerlo.",09/25/2024 01:00:00,5,UNSEEN
"Witnessing the accident, he couldn't believe what he saw.","Al presenciar el accidente, no podía dar crédito a lo que veía.",09/25/2024 01:00:00,5,UNSEEN
Yesterday I was remembering the last time we saw each other.,Ayer me estaba acordando de la última vez que nos vimos.,09/25/2024 01:00:00,5,UNSEEN
You are more than invited to the birthday party.,Están más que invitados a la fiesta de cumpleaños.,09/25/2024 01:00:00,5,UNSEEN
You can achieve it both with effort and with patience.,Puedes lograrlo tanto con esfuerzo como con paciencia.,09/25/2024 01:00:00,5,UNSEEN
You don't realize how important this is.,No te das cuenta de lo importante que es esto.,09/25/2024 01:00:00,5,UNSEEN
You have some options in mind. What do you suggest then?,Tienes algunas opciones en mente. ¿Qué sugieres entonces?,09/25/2024 01:00:00,5,UNSEEN
You have to do the homework before going out with friends.,Hay que hacer las tareas antes de salir con los amigos.,09/25/2024 01:00:00,5,UNSEEN
"You made a mistake, but don't blame yourself like that; we all make mistakes.","Cometiste un error, pero no te culpes así, todos nos equivocamos.",09/25/2024 01:00:00,5,UNSEEN
You take charge of coordinating the project.,Te haces cargo de la coordinación del proyecto.,09/25/2024 01:00:00,5,UNSEEN
You were lucky that I arrived on time to help you.,Tuviste suerte de que llegara a tiempo para ayudarte.,09/25/2024 01:00:00,5,UNSEEN
You'll have to apologize if you want to resolve the misunderstanding.,Tendrás que disculparte si quieres resolver el malentendido.,09/25/2024 01:00:00,5,UNSEEN
Your attitude makes me think that something is wrong.,Tu actitud me hace pensar que algo está mal.,09/25/2024 01:00:00,5,UNSEEN
